Installed Units,Technology,Total Installed Capacity
32.63426028361216,Solar PV,32.63426028361216
0.399999914044459,Battery Storage,0.399999914044459
25.83692147568788,Diesel Generator,25.83692147568788
