Installed Units,Technology,Total Installed Capacity
22.61934303712374,Solar PV,22.61934303712374
77.9382046708364,Battery Storage,77.9382046708364
38.9016442832472,Diesel Generator,38.9016442832472
